{
  "gradient_collapse": {
    "test": "gradient_collapse",
    "t_score": 5.960464477539063e-08,
    "threshold": 0.3,
    "sleep_triggered": true,
    "gradient_similarity": 1.0000001192092896,
    "expected_trigger": true,
    "passed": true
  },
  "contradictory_learning": {
    "test": "contradictory_learning",
    "t_scores": [
      0.9969819784164429,
      0.997740626335144,
      0.998309314250946,
      0.9987353682518005,
      0.999054491519928,
      0.999293327331543,
      0.9994720220565796,
      0.999605655670166,
      0.9997054934501648,
      0.9997801780700684,
      0.9998359084129333,
      0.9998775720596313,
      0.9999086856842041,
      0.9999318718910217,
      0.9999492168426514,
      0.9999620914459229,
      0.9999717473983765,
      0.9999789595603943,
      0.9999842643737793,
      0.999988317489624
    ],
    "initial_t_score": 0.9969819784164429,
    "final_t_score": 0.999988317489624,
    "min_t_score": 0.9969819784164429,
    "max_t_score": 0.999988317489624,
    "t_score_std": 0.0008452483452856541,
    "sleep_events": 0,
    "expected_behavior": "instability or sleep trigger",
    "passed": false
  },
  "extreme_overfitting": {
    "test": "extreme_overfitting",
    "t_scores": [
      0.7413313984870911,
      0.5107568502426147,
      0.5001195669174194,
      0.5349389314651489,
      0.9555525779724121,
      0.9945541024208069,
      0.9978154897689819,
      0.998131513595581,
      0.9982282519340515,
      0.9982625246047974
    ],
    "initial_t_score": 0.7413313984870911,
    "final_t_score": 0.9982749819755554,
    "degradation": -0.25694358348846436,
    "initial_loss": 0.6871401071548462,
    "final_loss": 1.7881390590446244e-07,
    "sleep_events": 0,
    "expected_behavior": "T-Score degradation",
    "passed": false
  },
  "learning_rate_explosion": {
    "test": "learning_rate_explosion",
    "t_scores": [
      0.9110379815101624,
      0.8567588329315186,
      0.8048004508018494,
      0.8735493421554565,
      0.8410858511924744,
      0.9380976557731628,
      0.88055020570755,
      0.7031335234642029,
      0.6192262172698975,
      0.8752284049987793
    ],
    "epochs_completed": 10,
    "t_score_std": 0.09817397594451904,
    "sleep_events": 0,
    "nan_detected": true,
    "expected_behavior": "instability or training collapse",
    "passed": true
  },
  "catastrophic_forgetting": {
    "test": "catastrophic_forgetting",
    "t_scores": [
      0.9409539699554443,
      0.9362425208091736,
      0.9230401515960693,
      0.9083690643310547,
      0.9016669988632202,
      0.8962396383285522,
      0.9028511643409729,
      0.9153430461883545,
      0.9329065680503845,
      0.946008563041687,
      0.9557814002037048,
      0.9612458348274231,
      0.9618370532989502,
      0.961789608001709,
      0.9613561034202576,
      0.9638739228248596,
      0.9651840925216675,
      0.9651461839675903,
      0.9603182077407837,
      0.954624593257904,
      0.8305022716522217,
      0.8340237140655518,
      0.8384870886802673,
      0.8420189023017883,
      0.847094714641571,
      0.8533867597579956,
      0.8594111800193787,
      0.8486191034317017,
      0.8156498670578003,
      0.7852122783660889,
      0.7714877128601074,
      0.7739014029502869,
      0.7848914861679077,
      0.8034394979476929,
      0.8297203779220581,
      0.8583524823188782,
      0.8800508379936218,
      0.8973410129547119,
      0.9016700983047485,
      0.9020562171936035
    ],
    "pre_switch_avg": 0.9407389342784882,
    "post_switch_avg": 0.8378658503293991,
    "transition_drop": 0.10287308394908912,
    "t_score_at_switch": 0.8305022716522217,
    "sleep_events": 0,
    "expected_behavior": "T-Score drop during transition",
    "passed": true
  }
}