{
  "gradient_collapse": {
    "test": "gradient_collapse",
    "t_score": 0.5156199336051941,
    "threshold": 0.3,
    "sleep_triggered": false,
    "gradient_similarity": 1.0,
    "expected_trigger": true,
    "passed": false
  },
  "contradictory_learning": {
    "test": "contradictory_learning",
    "t_scores": [
      1.0,
      1.0,
      1.0,
      1.0,
      1.0,
      1.0,
      1.0,
      1.0,
      1.0,
      1.0,
      1.0,
      1.0,
      1.0,
      1.0,
      1.0,
      1.0,
      1.0,
      1.0,
      1.0,
      1.0
    ],
    "initial_t_score": 1.0,
    "final_t_score": 1.0,
    "min_t_score": 1.0,
    "max_t_score": 1.0,
    "t_score_std": 0.0,
    "sleep_events": 0,
    "expected_behavior": "instability or sleep trigger",
    "passed": false
  },
  "extreme_overfitting": {
    "test": "extreme_overfitting",
    "t_scores": [
      0.9128319621086121,
      0.7409226298332214,
      0.7384680509567261,
      0.5190443992614746,
      0.5008059144020081,
      0.5001925230026245,
      0.5001552700996399,
      0.5001451969146729,
      0.5001418590545654,
      0.5001406669616699
    ],
    "initial_t_score": 0.9128319621086121,
    "final_t_score": 0.5001402497291565,
    "degradation": 0.41269171237945557,
    "initial_loss": 0.7262130975723267,
    "final_loss": 5.9604641222676946e-08,
    "sleep_events": 0,
    "expected_behavior": "T-Score degradation",
    "passed": true
  },
  "learning_rate_explosion": {
    "test": "learning_rate_explosion",
    "t_scores": [
      0.9543006420135498,
      0.7920621037483215,
      0.5860941410064697,
      0.5873275399208069,
      0.658440351486206,
      0.6345114707946777,
      0.6314500570297241,
      0.6863130927085876,
      0.5552077889442444,
      0.5360234379768372,
      0.5348258018493652,
      0.5358321666717529,
      0.5359427332878113,
      0.5358366966247559,
      0.5358144640922546,
      0.5358358025550842,
      0.5358400940895081,
      0.5358359217643738,
      0.5358350872993469,
      0.5358359217643738,
      0.5358361005783081,
      0.5358359217643738,
      0.535835862159729,
      0.5358359217643738,
      0.5358359217643738,
      0.5358359217643738,
      0.5358359217643738,
      0.5358359217643738,
      0.5358359217643738,
      0.5358359217643738
    ],
    "epochs_completed": 30,
    "t_score_std": 0.09280060231685638,
    "sleep_events": 0,
    "nan_detected": false,
    "expected_behavior": "instability or training collapse",
    "passed": false
  },
  "catastrophic_forgetting": {
    "test": "catastrophic_forgetting",
    "t_scores": [
      0.8354734778404236,
      0.8457456827163696,
      0.799237072467804,
      0.7550342082977295,
      0.7215277552604675,
      0.7187852263450623,
      0.7237873673439026,
      0.7280044555664062,
      0.7427399158477783,
      0.7535041570663452,
      0.7659831047058105,
      0.7890385389328003,
      0.7998257875442505,
      0.7947207093238831,
      0.790325939655304,
      0.7620508074760437,
      0.7354061603546143,
      0.7397167086601257,
      0.7576547861099243,
      0.7695528864860535,
      0.5871068835258484,
      0.5884514451026917,
      0.5904335379600525,
      0.5955932140350342,
      0.6027300953865051,
      0.6151897311210632,
      0.634474515914917,
      0.6511703133583069,
      0.6615853905677795,
      0.6621756553649902,
      0.654229998588562,
      0.6477555632591248,
      0.6461251974105835,
      0.6521879434585571,
      0.6693613529205322,
      0.6981971859931946,
      0.7390542030334473,
      0.7818094491958618,
      0.8212592601776123,
      0.8250279426574707
    ],
    "pre_switch_avg": 0.7664057374000549,
    "post_switch_avg": 0.6661959439516068,
    "transition_drop": 0.10020979344844816,
    "t_score_at_switch": 0.5871068835258484,
    "sleep_events": 0,
    "expected_behavior": "T-Score drop during transition",
    "passed": true
  }
}