{
  "experiment": "T-Score Validation v3 \u2014 Expanded Conflict Data (108 samples)",
  "timestamp": "2026-02-06T19:51:13.767650",
  "device": "cpu",
  "author": "Godel (Manus AI) \u2014 CTO",
  "hypothesis": "Conflict data should show higher T-Score VARIANCE due to gradient diversity from contradictory perspectives",
  "datasets": {
    "total_conflict_items": 22,
    "total_conflict_texts": 81,
    "shakespeare_texts": 33,
    "categories": {
      "contradictory_facts": 6,
      "ethical_dilemmas": 5,
      "perspective_conflicts": 5,
      "temporal_conflicts": 6
    }
  },
  "experiments": [
    {
      "name": "Shakespeare (Homogeneous)",
      "num_texts": 33,
      "num_batches": 100,
      "t_score": {
        "average": 0.938877,
        "std": 0.070417,
        "min": 0.744015,
        "max": 0.992249,
        "range": 0.248235,
        "rolling_variance": 0.00067002,
        "first_half_avg": 0.901809,
        "second_half_avg": 0.975946,
        "trajectory": 0.074137
      },
      "loss": {
        "average": 3.704615,
        "final": 2.906673,
        "first_batch": 5.551463
      },
      "raw_t_scores": [
        0.986239,
        0.986099,
        0.983514,
        0.984191,
        0.980429,
        0.978171,
        0.973746,
        0.970213,
        0.964054,
        0.960563,
        0.957363,
        0.945903,
        0.933184,
        0.925241,
        0.911852,
        0.895088,
        0.875342,
        0.858032,
        0.84383,
        0.829303,
        0.806796,
        0.790895,
        0.772219,
        0.751285,
        0.745164,
        0.74465,
        0.744015,
        0.762791,
        0.761648,
        0.790489,
        0.793807,
        0.822014,
        0.836431,
        0.849669,
        0.899111,
        0.934458,
        0.922487,
        0.950373,
        0.963624,
        0.975454,
        0.975975,
        0.980839,
        0.980703,
        0.983359,
        0.969509,
        0.974876,
        0.974023,
        0.977531,
        0.958833,
        0.955056,
        0.981306,
        0.964615,
        0.973949,
        0.958985,
        0.971554,
        0.968235,
        0.985329,
        0.987379,
        0.979401,
        0.980795,
        0.985601,
        0.975171,
        0.976702,
        0.971164,
        0.977175,
        0.977282,
        0.977538,
        0.979181,
        0.985037,
        0.976143,
        0.966435,
        0.972909,
        0.969699,
        0.97165,
        0.978923,
        0.975407,
        0.97429,
        0.978523,
        0.980067,
        0.992249,
        0.987788,
        0.979988,
        0.977153,
        0.981129,
        0.974428,
        0.971532,
        0.97777,
        0.977626,
        0.972461,
        0.985537,
        0.973186,
        0.965325,
        0.975524,
        0.986963,
        0.968525,
        0.980832,
        0.969085,
        0.961922,
        0.979763,
        0.958064
      ]
    },
    {
      "name": "All Conflict (Heterogeneous)",
      "num_texts": 81,
      "num_batches": 100,
      "t_score": {
        "average": 0.928336,
        "std": 0.064738,
        "min": 0.742799,
        "max": 0.984439,
        "range": 0.24164,
        "rolling_variance": 0.00064106,
        "first_half_avg": 0.897424,
        "second_half_avg": 0.959248,
        "trajectory": 0.061824
      },
      "loss": {
        "average": 3.79924,
        "final": 3.101221,
        "first_batch": 5.546157
      },
      "raw_t_scores": [
        0.984439,
        0.983751,
        0.983172,
        0.981036,
        0.980772,
        0.97747,
        0.974825,
        0.967098,
        0.960874,
        0.955552,
        0.950116,
        0.942072,
        0.929746,
        0.911098,
        0.898885,
        0.88516,
        0.870006,
        0.853986,
        0.835546,
        0.819992,
        0.792413,
        0.77956,
        0.765188,
        0.753511,
        0.747355,
        0.746788,
        0.742799,
        0.76949,
        0.775271,
        0.800914,
        0.82299,
        0.839437,
        0.849492,
        0.872172,
        0.895599,
        0.903774,
        0.939845,
        0.944599,
        0.964568,
        0.959089,
        0.978221,
        0.961228,
        0.955271,
        0.974911,
        0.95582,
        0.94677,
        0.949206,
        0.948003,
        0.941527,
        0.949807,
        0.93237,
        0.954161,
        0.953351,
        0.964121,
        0.954347,
        0.961199,
        0.95964,
        0.959042,
        0.960388,
        0.959684,
        0.959008,
        0.964274,
        0.966927,
        0.970947,
        0.97086,
        0.944464,
        0.933889,
        0.939323,
        0.967802,
        0.96362,
        0.964002,
        0.978586,
        0.966504,
        0.949785,
        0.961404,
        0.960717,
        0.954823,
        0.967781,
        0.950948,
        0.977601,
        0.966632,
        0.974646,
        0.979757,
        0.961572,
        0.962247,
        0.956181,
        0.961275,
        0.938317,
        0.95299,
        0.952561,
        0.960346,
        0.948189,
        0.952102,
        0.966175,
        0.959259,
        0.977417,
        0.922366,
        0.973178,
        0.962704,
        0.962941
      ]
    },
    {
      "name": "Category: ethical_dilemmas",
      "num_texts": 21,
      "num_batches": 100,
      "t_score": {
        "average": 0.934999,
        "std": 0.068709,
        "min": 0.737804,
        "max": 0.987858,
        "range": 0.250055,
        "rolling_variance": 0.00064993,
        "first_half_avg": 0.899465,
        "second_half_avg": 0.970534,
        "trajectory": 0.071069
      },
      "loss": {
        "average": 3.711458,
        "final": 3.029575,
        "first_batch": 5.539018
      },
      "raw_t_scores": [
        0.985941,
        0.985395,
        0.984993,
        0.983153,
        0.978415,
        0.978658,
        0.975084,
        0.965811,
        0.963937,
        0.956788,
        0.9473,
        0.93591,
        0.924868,
        0.914406,
        0.898913,
        0.883995,
        0.870013,
        0.849337,
        0.833247,
        0.817173,
        0.793259,
        0.774584,
        0.755119,
        0.753707,
        0.739001,
        0.737804,
        0.754212,
        0.765293,
        0.779743,
        0.794517,
        0.814859,
        0.841199,
        0.851107,
        0.873625,
        0.911535,
        0.909273,
        0.940396,
        0.956799,
        0.952974,
        0.967169,
        0.971389,
        0.976652,
        0.968795,
        0.968976,
        0.976048,
        0.962013,
        0.963873,
        0.973785,
        0.967425,
        0.944778,
        0.97735,
        0.942915,
        0.968769,
        0.965062,
        0.9701,
        0.98255,
        0.981521,
        0.978556,
        0.974743,
        0.984381,
        0.962606,
        0.97882,
        0.968385,
        0.970006,
        0.968177,
        0.969337,
        0.969241,
        0.960794,
        0.978503,
        0.960661,
        0.968212,
        0.969419,
        0.977823,
        0.983734,
        0.964524,
        0.979432,
        0.980027,
        0.976608,
        0.975201,
        0.968086,
        0.967142,
        0.961003,
        0.955973,
        0.948895,
        0.967341,
        0.971322,
        0.972759,
        0.987858,
        0.972365,
        0.958853,
        0.971625,
        0.971429,
        0.967923,
        0.971781,
        0.977037,
        0.958803,
        0.982292,
        0.964267,
        0.98372,
        0.958764
      ]
    },
    {
      "name": "Category: perspective_conflicts",
      "num_texts": 20,
      "num_batches": 100,
      "t_score": {
        "average": 0.935168,
        "std": 0.068282,
        "min": 0.742035,
        "max": 0.987463,
        "range": 0.245428,
        "rolling_variance": 0.00067101,
        "first_half_avg": 0.900796,