{
  "config": {
    "epochs": 10,
    "batch_size": 16,
    "seq_length": 100,
    "embedding_dim": 128,
    "hidden_dim": 512,
    "num_layers": 6,
    "learning_rate": 0.01,
    "seed": 42,
    "min_surplus_energy": 0.3,
    "propagation_gamma": 2.0,
    "tscore_sample_batches": 3
  },
  "standard": {
    "losses": [
      3.783218502998352,
      5.286903142929077,
      4.409055233001709,
      3.999393582344055,
      3.514155149459839,
      3.4269694089889526,
      3.3262728452682495,
      3.2910534143447876,
      3.2695478200912476,
      3.248954176902771
    ],
    "grad_avg_norms": [
      0.31480133955483325,
      1.173239196594632,
      0.265866981618779,
      0.17053155344210272,
      0.12884992189895086,
      0.16377773428690423,
      0.07588202369586522,
      0.07417348729436694,
      0.05802449014422732,
      0.04733413818311655
    ],
    "grad_max_norms": [],
    "grad_min_norms": [],
    "collapse_detected": false,
    "collapse_epoch": null
  },
  "timestamp": "20260109_091258"
}