{
  "naive": {
    "name": "Naive (No Protection)",
    "avg_final_accuracy": 0.70864,
    "computed_forgetting": 0.32927500000000004,
    "stream_accuracy": 0.70864,
    "stream_forgetting": 0.32927500000000004,
    "per_task_final_accs": [
      0.2518,
      0.6193,
      0.8238,
      0.8758,
      0.9725
    ],
    "acc_matrix": [
      [
        0.9722,
        0.1211,
        0.1637,
        0.0997,
        0.0739
      ],
      [
        0.9464,
        0.9757,
        0.1686,
        0.0789,
        0.0471
      ],
      [
        0.7262,
        0.8916,
        0.9735,
        0.0876,
        0.1011
      ],
      [
        0.5361,
        0.8207,
        0.9406,
        0.9664,
        0.1193
      ],
      [
        0.2518,
        0.6193,
        0.8238,
        0.8758,
        0.9725
      ]
    ],
    "time_seconds": 205.0483078956604
  },
  "godelai": {
    "name": "Naive + GodelPlugin (Full C-S-P)",
    "avg_final_accuracy": 0.72692,
    "computed_forgetting": 0.3077749999999999,
    "stream_accuracy": 0.72692,
    "stream_forgetting": 0.3077749999999999,
    "per_task_final_accs": [
      0.2665,
      0.6466,
      0.8077,
      0.9395,
      0.9743
    ],
    "acc_matrix": [
      [
        0.9722,
        0.1211,
        0.1637,
        0.0997,
        0.0739
      ],
      [
        0.9362,
        0.9722,
        0.1472,
        0.0563,
        0.0516
      ],
      [
        0.7675,
        0.8562,
        0.9758,
        0.1022,
        0.121
      ],
      [
        0.5351,
        0.8402,
        0.9461,
        0.9712,
        0.1113
      ],
      [
        0.2665,
        0.6466,
        0.8077,
        0.9395,
        0.9743
      ]
    ],
    "time_seconds": 1152.9551122188568
  },
  "tscore_only": {
    "name": "Naive + GodelPlugin (T-Score Monitor Only)",
    "avg_final_accuracy": 0.7295999999999999,
    "computed_forgetting": 0.303975,
    "stream_accuracy": 0.7295999999999999,
    "stream_forgetting": 0.303975,
    "per_task_final_accs": [
      0.2555,
      0.7188,
      0.7826,
      0.9179,
      0.9732
    ],
    "acc_matrix": [
      [
        0.9722,
        0.1211,
        0.1637,
        0.0997,
        0.0739
      ],
      [
        0.9362,
        0.9722,
        0.1472,
        0.0563,
        0.0516
      ],
      [
        0.7354,
        0.8403,
        0.975,
        0.1048,
        0.1319
      ],
      [
        0.5539,
        0.8379,
        0.9423,
        0.9713,
        0.1083
      ],
      [
        0.2555,
        0.7188,
        0.7826,
        0.9179,
        0.9732
      ]
    ],
    "time_seconds": 1274.6927199363708
  }
}